Workbook

Sheet Sheet1
A1: تاریخ | B1: نماد | C1: قیمت پایانی | D1: حجم | E1: ارزش معاملات | F1: nav ابطال | G1: بازدهی nav | H1: AUM | I1: حباب | J1: میزان نقدشوندگی | K1: بازدهی قیمتی | L1: ذخیره سود
A2: 1401/01/31 | B2: فیروزا | C2: 27615 | D2: 13121784 | E2: 362357538977 | F2: 27919 | G2: 0.00082449097 | H2: 5862950392752 | I2: -0.010888642 | J2: =VLOOKUP([1]PYTHON!A2,[1]فیروزا!A:J,10) -> 0.06180464 | K2: 0.00057973115 | L2: 0
A3: 1401/02/31 | B3: فیروزا | C3: 28105 | D3: 5696387 | E3: 160095357589 | F3: 28382 | G3: 0.00074045344 | H3: 7946770203863 | I3: -0.0097597069 | J3: =VLOOKUP([1]PYTHON!A3,[1]فیروزا!A:J,10) -> 0.020145965 | K3: 0.0015323213 | L3: 0
A4: 1401/03/31 | B4: فیروزا | C4: 28602 | D4: 3803423 | E4: 108787094173 | F4: 28769 | G4: 6.9524107e-05 | H4: 8630570912567 | I4: -0.0058048594 | J4: =VLOOKUP([1]PYTHON!A4,[1]فیروزا!A:J,10) -> 0.012604855 | K4: 0.00055971455 | L4: 0
A5: 1401/04/29 | B5: فیروزا | C5: 29082 | D5: 6103563 | E5: 177501831388 | F5: 29090 | G5: 0.0011356988 | H5: 12217552820557 | I5: -0.00027500859 | J5: =VLOOKUP([1]PYTHON!A5,[1]فیروزا!A:J,10) -> 0.014528428 | K5: 0.00075705437 | L5: 0
A6: 1401/05/31 | B6: فیروزا | C6: 29626 | D6: 71927157 | E6: 2130944983037 | F6: 29557 | G6: 0.0018982407 | H6: 12413551677950 | I6: 0.0023344724 | J6: =VLOOKUP([1]PYTHON!A6,[1]فیروزا!A:J,10) -> 0.1716628 | K6: 0.00057414975 | L6: 0
A7: 1401/06/30 | B7: فیروزا | C7: 30140 | D7: 5658855 | E7: 170555694593 | F7: 30102 | G7: 0.00039880359 | H7: 13244848433634 | I7: 0.0012623746 | J7: =VLOOKUP([1]PYTHON!A7,[1]فیروزا!A:J,10) -> 0.012877134 | K7: 0.00076368828 | L7: -0.0020928842
A8: 1401/07/30 | B8: فیروزا | C8: 30669 | D8: 11646748 | E8: 357194404770 | F8: 30686 | G8: 0.0017301603 | H8: 13035210556539 | I8: -0.00055399857 | J8: =VLOOKUP([1]PYTHON!A8,[1]فیروزا!A:J,10) -> 0.027402273 | K8: 0.0015348442 | L8: -0.0038128137
A9: 1401/08/30 | B9: فیروزا | C9: 31195 | D9: 7193478 | E9: 224400971693 | F9: 31213 | G9: 0.00057701555 | H9: 14760778661483 | I9: -0.00057668279 | J9: =VLOOKUP([1]PYTHON!A9,[1]فیروزا!A:J,10) -> 0.015202516 | K9: 0.00057734869 | L9: 0.002851376
A10: 1401/09/30 | B10: فیروزا | C10: 31768 | D10: 85607266 | E10: 2719535696726 | F10: 31815 | G10: 0.001511002 | H10: 17184266007739 | I10: -0.0014772906 | J10: =VLOOKUP([1]PYTHON!A10,[1]فیروزا!A:J,10) -> 0.15825731 | K10: 0.00081910403 | L10: -0.0012258369
A11: 1401/10/28 | B11: فیروزا | C11: 32316 | D11: 37934821 | E11: 1225893334421 | F11: 32317 | G11: 6.1890763e-05 | H11: 16876206077619 | I11: -3.0943466e-05 | J11: =VLOOKUP([1]PYTHON!A11,[1]فیروزا!A:J,10) -> 0.072640339 | K11: 0.00080520285 | L11: 0.01392456
A12: 1401/11/30 | B12: فیروزا | C12: 32943 | D12: 43809552 | E12: 1443229987824 | F12: 32965 | G12: 0.0033480444 | H12: 20843253501851 | I12: -0.00066737449 | J12: =VLOOKUP([1]PYTHON!A12,[1]فیروزا!A:J,10) -> 0.069242069 | K12: 0.0017637221 | L12: -0.00060670408
A13: 1401/12/28 | B13: فیروزا | C13: 33516 | D13: 19299718 | E13: 646853486408 | F13: 33527 | G13: 0.0003878976 | H13: 20302877023658 | I13: -0.00032809378 | J13: =VLOOKUP([1]PYTHON!A13,[1]فیروزا!A:J,10) -> 0.031860188 | K13: 0.0007464692 | L13: 0.048438572
... A49: 1404/12/27 | B49: فیروزا | C49: 77395 | D49: 145316923 | E49: 11246765921180 | F49: 77333 | G49: 0.0059446381 | H49: 261870745826836 | I49: 0.00080172759 | J49: =VLOOKUP([1]PYTHON!A49,[1]فیروزا!A:J,10) -> 0.042947775 | K49: 0.0070655285 | L49: 0.02029978
A50: 1405/01/31 | B50: فیروزا | C50: 79486 | D50: 140969547 | E50: 11205144200321 | F50: 79468 | G50: 0.0051860659 | H50: 287638142866830 | J50: =E50/H50 -> 0.038955697 | K50: 0.0012092203 | L50: 0.012444791
A51: 1405/02/30 | B51: فیروزا | C51: 81735 | D51: 217274163 | E51: 17758992479192 | F51: 81757 | G51: 0.0016907828 | H51: 286643858762234 | J51: =E51/H51 -> 0.061954903 | K51: 0.0012740258 | L51: 0.014082095
A52: 1405/03/13 | B52: فیروزا | C52: 82785 | D52: 277260346 | E52: 22953136223902 | F52: 82783 | G52: 0.0012699872 | H52: 316449097632745 | J52: =E52/H52 -> 0.072533423 | K52: 0.0012699565 | L52: 0.010812772
A53: 1401/01/31 | B53: یاقوت | C53: 14611 | D53: 3985275 | E53: 58226941471 | F53: 14611 | G53: 6.844627e-05 | H53: 30,168,581,491,839 | I53: =(C53/F53)-1 -> 0 | J53: 0.0019300523 | K53: 0.00047932073 | L53: -0.0088289645
A54: 1401/02/31 | B54: یاقوت | C54: 14828 | D54: 3334306 | E54: 49441391052 | F54: 14828 | G54: 0.0014182481 | H54: 32,450,593,818,183 | I54: =(C54/F54)-1 -> 0 | J54: 0.0015235897 | K54: 0.0014182481 | L54: -0.0022255193
A55: 1401/03/31 | B55: یاقوت | C55: 15061 | D55: 32392248 | E55: 487871864864 | F55: 15058 | G55: 0.0003321597 | H55: 28,629,271,491,912 | I55: =(C55/F55)-1 -> 0.00019922965 | J55: 0.017041016 | K55: 0.00053145552 | L55: 0
A56: 1401/04/29 | B56: یاقوت | C56: 15287 | D56: 11661707 | E56: 178277347200 | F56: 15276 | G56: 0.00045844522 | H56: 27,242,177,049,000 | I56: =(C56/F56)-1 -> 0.00072008379 | J56: 0.0065441667 | K56: 0.001113294 | L56: 0.00026184865
A57: 1401/05/31 | B57: یاقوت | C57: 15531 | D57: 3000906 | E57: 46607156326 | F57: 15525 | G57: 0.00051556358 | H57: 27,503,674,002,884 | I57: =(C57/F57)-1 -> 0.00038647343 | J57: 0.0016945793 | K57: 0.00070876289 | L57: 0.002705314
A58: 1401/06/30 | B58: یاقوت | C58: 15775 | D58: 9906167 | E58: 156269739731 | F58: 15762 | G58: 0.00050780754 | H58: 26,835,988,832,065 | I58: =(C58/F58)-1 -> 0.00082476843 | J58: 0.0058231407 | K58: 0.00095177665 | L58: 0.0088186778
A59: 1401/07/30 | B59: یاقوت | C59: 16016 | D59: 6836766 | E59: 109495797740 | F59: 16014 | G59: 0.001563575 | H59: 22,690,752,280,288 | I59: =(C59/F59)-1 -> 0.00012489072 | J59: 0.0048255693 | K59: 0.001 | L59: 0.00780567
A60: 1401/08/30 | B60: یاقوت | C60: 16267 | D60: 7783283 | E60: 126608671904 | F60: 16264 | G60: 0.00055367579 | H60: 19,826,942,675,919 | I60: =(C60/F60)-1 -> 0.00018445647 | J60: 0.0063856881 | K60: 0.00061511964 | L60: 0.0093457944
A61: 1401/09/30 | B61: یاقوت | C61: 16578 | D61: 15963874 | E61: 264644858497 | F61: 16555 | G61: 0.00048347132 | H61: 14,679,325,453,617 | I61: =(C61/F61)-1 -> 0.0013893084 | J61: 0.018028407 | K61: 0.0012683457 | L61: 0.0064028994
A62: 1401/10/28 | B62: یاقوت | C62: 16824 | D62: 29745319 | E62: 500427249327 | F62: 16802 | G62: 0.00017858206 | H62: 15,303,709,496,904 | I62: =(C62/F62)-1 -> 0.0013093679 | J62: 0.032699735 | K62: 0.0013093679 | L62: 0.019938103
A63: 1401/11/30 | B63: یاقوت | C63: 17099 | D63: 21074716 | E63: 360358095515 | F63: 17085 | G63: 0.0021115608 | H63: 13,179,344,043,981 | I63: =(C63/F63)-1 -> 0.00081943225 | J63: 0.027342643 | K63: 0.0016402085 | L63: 0.016681299
A64: 1401/12/28 | B64: یاقوت | C64: 17631 | D64: 25174429 | E64: 443862308470 | F64: 17588 | G64: 0.00051197452 | H64: 11,753,167,732,496 | I64: =(C64/F64)-1 -> 0.0024448488 | J64: 0.037765334 | K64: 0.0020460358 | L64: 0.03428474
... A100: 1404/12/27 | B100: یاقوت | C100: 40030 | D100: 601822061 | E100: 24091190815550 | F100: 39917 | G100: 0.0028389107 | H100: 382,206,589,613,076 | I100: =(C100/F100)-1 -> 0.0028308741 | J100: 0.063031856 | K100: 0.0034844952 | L100: 0.002747939
A101: 1405/01/31 | B101: یاقوت | C101: 41011 | D101: 307786393 | E101: 12622535385773 | F101: 40955 | G101: 0.0011978683 | H101: 485886440174828 | I101: =(C101/F101)-1 -> 0.0013673544 | J101: =E101/H101 -> 0.025978365 | K101: 0.0013429046 | L101: 0.00039013923
A102: 1405/02/30 | B102: یاقوت | C102: 42163 | D102: 417272321 | E102: 17593329165656 | F102: 42135 | G102: 0 | H102: 475969686359594 | I102: =(C102/F102)-1 -> 0.00066453068 | J102: =E102/H102 -> 0.03696313 | K102: 0.0015678077 | L102: -0.00059293694
A103: 1405/03/13 | B103: یاقوت | C103: 42662 | D103: 400396614 | E103: 17081606004356 | F103: 42596 | G103: 0.0012928704 | H103: 519614791587937 | I103: =(C103/F103)-1 -> 0.0015494413 | J103: =E103/H103 -> 0.032873595 | K103: 0.0015729546 | L103: 0.0048127715
A104: 1401/01/31 | B104: کیان | C104: 34361 | D104: 25982089 | E104: 892773777453 | F104: 34144 | G104: -0.0017249949 | H104: 47,956,014,788,642 | I104: 0.0063554358 | J104: 0.018616513 | K104: 0.0015156373 | L104: -0.0047153233
A105: 1401/02/31 | B105: کیان | C105: 34911 | D105: 33182070 | E105: 1158421423687 | F105: 34923 | G105: 0.0015486535 | H105: 43,758,675,374,128 | I105: -0.00034361309 | J105: 0.026472955 | K105: 0.0016353934 | L105: -0.0071872405
A106: 1401/03/31 | B106: کیان | C106: 35524 | D106: 16324530 | E106: 579904859366 | F106: 35274 | G106: -0.0028551237 | H106: 43,489,071,470,228 | I106: 0.0070873731 | J106: 0.013334496 | K106: 0.00059149931 | L106: -0.0069172762
A107: 1401/04/29 | B107: کیان | C107: 36142 | D107: 30451935 | E107: 1100592899270 | F107: 35620 | G107: 0.00216639 | H107: 44,062,571,236,141 | I107: 0.014654688 | J107: 0.024977954 | K107: 0.001052515 | L107: -0.0069062325
A108: 1401/05/31 | B108: کیان | C108: 36823 | D108: 16796216 | E108: 618492269216 | F108: 35970 | G108: 0.00030590395 | H108: 48,530,628,893,389 | I108: 0.023714206 | J108: 0.01274437 | K108: 0.00057062116 | L108: -0.0055323881
A109: 1401/06/30 | B109: کیان | C109: 37427 | D109: 15049304 | E109: 563243398254 | F109: 36392 | G109: -0.00046691752 | H109: 52,764,281,472,548 | I109: 0.028440317 | J109: 0.01067471 | K109: 0.0010431154 | L109: -0.005962849
A110: 1401/07/30 | B110: کیان | C110: 38022 | D110: 32782425 | E110: 1246440792352 | F110: 36852 | G110: 0.0012225935 | H110: 48,714,785,188,171 | I110: 0.031748616 | J110: 0.025586499 | K110: 0.0013167597 | L110: -0.0081135352
A111: 1401/08/30 | B111: کیان | C111: 38610 | D111: 16207868 | E111: 625793050165 | F111: 37854 | G111: 0.0016670636 | H111: 41,462,212,505,534 | I111: 0.019971469 | J111: 0.015093094 | K111: 0.00049234277 | L111: -0.011068843
A112: 1401/09/30 | B112: کیان | C112: 39233 | D112: 25082103 | E112: 984051296556 | F112: 39231 | G112: 0.00084187969 | H112: 36,858,391,897,184 | I112: 5.0980092e-05 | J112: 0.026698161 | K112: 0.00058658505 | L112: -0.030027274
A113: 1401/10/28 | B113: کیان | C113: 39877 | D113: 20084956 | E113: 800937207767 | F113: 39843 | G113: -0.0015036463 | H113: 37,397,551,966,081 | I113: 0.0008533494 | J113: 0.021416835 | K113: 0.0006524303 | L113: -0.022638858
A114: 1401/11/30 | B114: کیان | C114: 40627 | D114: 36175265 | E114: 1469706244425 | F114: 39833 | G114: 0.0057060621 | H114: 40,876,743,649,872 | I114: 0.019933221 | J114: 0.035954582 | K114: 0.0017506657 | L114: -0.011071222
A115: 1401/12/28 | B115: کیان | C115: 41352 | D115: 37465756 | E115: 1549285850256 | F115: 41443 | G115: 0.0030495922 | H115: 34,129,847,575,891 | I115: -0.002195787 | J115: 0.04539387 | K115: 0.0017199196 | L115: 0.0038365948
... A151: 1404/12/27 | B151: کیان | C151: 94587 | D151: 64689787 | E151: 6118829062101 | F151: 94459 | G151: 0.0041245442 | H151: 243,749,644,448,081 | I151: 0.0013550853 | J151: 0.025102925 | K151: 0.0044494945 | L151: 0.0085344445
A152: 1405/01/31 | B152: کیان | C152: 97247 | D152: 85802697 | E152: 8344093673605 | F152: 97254 | G152: 0.0013797364 | H152: 329779758559628 | J152: =E152/H152 -> 0.025302019 | K152: 0.0012767316 | L152: 0.004377177
A153: 1405/02/30 | B153: کیان | C153: 100042 | D153: 89694903 | E153: 8973291380439 | F153: 100041 | G153: 0.0013813399 | H153: 306128855870217 | J153: =E153/H153 -> 0.029312138 | K153: 0.0013713027 | L153: 0.0071070151
A154: 1405/03/13 | B154: کیان | C154: 101314 | D154: 83989565 | E154: 8509335743569 | F154: 101313 | G154: 0.001314489 | H154: 363676109972472 | J154: =E154/H154 -> 0.023398116 | K154: 0.001334269 | L154: 0.0089939612
A155: 1401/05/31 | B155: آوند | C155: 10161 | D155: 31425590 | E155: 319312631918 | F155: 10166 | G155: 0.00059055118 | H155: 5777750962095 | I155: =(C155/F155)-1 -> -0.00049183553 | J155: 0.055265904 | K155: 0.00068938349 | L155: 0.029313398
A156: 1401/06/30 | B156: آوند | C156: 10323 | D156: 22977842 | E156: 237195405839 | F156: 10330 | G156: 0.0007750436 | H156: 9330473497342 | I156: =(C156/F156)-1 -> -0.00067763795 | J156: 0.025421583 | K156: 0.00077556956 | L156: 0.019941917
A157: 1401/07/30 | B157: آوند | C157: 10486 | D157: 42388919 | E157: 444503345360 | F157: 10493 | G157: 0.0016227568 | H157: 11187145365893 | I157: =(C157/F157)-1 -> -0.00066711141 | J157: 0.039733402 | K157: 0.0011456941 | L157: 0.0052415896
A158: 1401/08/30 | B158: آوند | C158: 10658 | D158: 32756005 | E158: 349121200246 | F158: 10664 | G158: 0.0005629574 | H158: 14622154226029 | I158: =(C158/F158)-1 -> -0.00056264066 | J158: 0.023876181 | K158: 0.00065721528 | L158: -0.00093773443
A159: 1401/09/30 | B159: آوند | C159: 10838 | D159: 25695993 | E159: 278485645385 | F159: 10850 | G159: 0.001199594 | H159: 15071400470332 | I159: =(C159/F159)-1 -> -0.0011059908 | J159: 0.018477755 | K159: 0.00083110167 | L159: -0.017603687
A160: 1401/10/28 | B160: آوند | C160: 11017 | D160: 55731606 | E160: 614015521358 | F160: 11031 | G160: 0.0012707634 | H160: 16470684594044 | I160: =(C160/F160)-1 -> -0.0012691506 | J160: 0.037279296 | K160: 0.00072667817 | L160: -0.020759677
A161: 1401/11/30 | B161: آوند | C161: 11223 | D161: 77445694 | E161: 869186677742 | F161: 11231 | G161: 0.00089118617 | H161: 17330707358785 | I161: =(C161/F161)-1 -> -0.00071231413 | J161: 0.050152983 | K161: 0.0012489963 | L161: -0.020389992
A162: 1401/12/28 | B162: آوند | C162: 11441 | D162: 66030982 | E162: 755463913514 | F162: 11451 | G162: 0.00043683383 | H162: 16377033316871 | I162: =(C162/F162)-1 -> -0.00087328618 | J162: 0.046129473 | K162: 0.0030685604 | L162: -0.011789363
A163: 1402/01/30 | B163: آوند | C163: 11640 | D163: 75965569 | E163: 884268567102 | F163: 11662 | G163: 0.0018900344 | H163: 16541986269466 | I163: =(C163/F163)-1 -> -0.0018864689 | J163: 0.053456009 | K163: 0.0014626172 | L163: -0.010547076
A164: 1402/02/31 | B164: آوند | C164: 11854 | D164: 105643752 | E164: 1252265514319 | F164: 11862 | G164: 0.00075930144 | H164: 17912311229954 | I164: =(C164/F164)-1 -> -0.00067442253 | J164: 0.069910884 | K164: 0.00075981427 | L164: 0.00025290845
A165: 1402/03/31 | B165: آوند | C165: 12085 | D165: 78046257 | E165: 943174021339 | F165: 12099 | G165: 0.0012413108 | H165: 19131994980813 | I165: =(C165/F165)-1 -> -0.0011571204 | J165: 0.049298258 | K165: 0.00082815735 | L165: 0.0071080255
A166: 1402/04/31 | B166: آوند | C166: 12318 | D166: 37999647 | E166: 468090489126 | F166: 12327 | G166: 0.00097442144 | H166: 19954735846707 | I166: =(C166/F166)-1 -> -0.00073010465 | J166: 0.023457614 | K166: 0.001544841 | L166: 0.010545956
... A198: 1404/12/27 | B198: آوند | C198: 25820 | D198: 522576302 | E198: 13493145288271 | F198: 25821 | G198: 0.0053732041 | H198: 345532235474622 | I198: =(C198/F198)-1 -> -3.8728167e-05 | J198: 0.039050323 | K198: 0.0049820956 | L198: -0.0089790231
A199: 1405/01/31 | B199: آوند | C199: 26517 | D199: 162168641 | E199: 4300293183102 | F199: 26482 | G199: 0.001020601 | H199: 371014479285155 | J199: =E199/H199 -> 0.011590634 | K199: 0.002040585 | L199: 0.0083015735
A200: 1405/02/30 | B200: آوند | C200: 27206 | D200: 455297682 | E200: 12386845757149 | F200: 27207 | G200: 0.0015461071 | H200: 416576258338889 | J200: =E200/H200 -> 0.029734882 | K200: 0.0015830357 | L200: 0.0034891835
A201: 1405/03/13 | B201: آوند | C201: 27540 | D201: 375042523 | E201: 10328853502681 | F201: 27533 | G201: 0.0016006403 | H201: 421222268706236 | J201: =E201/H201 -> 0.024521148 | K201: 0.0014909633 | L201: 0.0027605245
A202: 1401/06/30 | B202: لبخند | C202: 10134 | D202: 85269376 | E202: 864160151297 | F202: 10135 | G202: 0.00059235857 | H202: 4053955769846 | I202: -9.8667982e-05 | J202: 0.21316467 | K202: 0.00049363215 | L202: 0
A203: 1401/07/30 | B203: لبخند | C203: 10314 | D203: 38144092 | E203: 393425328128 | F203: 10315 | G203: 0.0015535489 | H203: 6364118689273 | I203: -9.6946195e-05 | J203: 0.061819295 | K203: 0.00087336245 | L203: -0.0016480853
A204: 1401/08/30 | B204: لبخند | C204: 10500 | D204: 119610304 | E204: 1255953561213 | F204: 10502 | G204: 0.00066698428 | H204: 8674816493687 | I204: -0.00019043992 | J204: 0.14478157 | K204: 0.00057175529 | L204: 0.012949914
A205: 1401/09/30 | B205: لبخند | C205: 10689 | D205: 55721197 | E205: 595580549343 | F205: 10683 | G205: 0.00028089888 | H205: 11097800162189 | I205: 0.00056163999 | J205: 0.053666541 | K205: 0.00065530799 | L205: 0.0090798465
A206: 1401/10/28 | B206: لبخند | C206: 10880 | D206: 62822680 | E206: 683483532958 | F206: 10870 | G206: 0.00055228277 | H206: 21011390962112 | I206: 0.0009199632 | J206: 0.03252919 | K206: 0.0009199632 | L206: 0.011131555
A207: 1401/11/30 | B207: لبخند | C207: 11095 | D207: 71787451 | E207: 796497059665 | F207: 11094 | G207: 0.0026208766 | H207: 27312501565342 | I207: 9.0138814e-05 | J207: 0.029162362 | K207: 0.0019868148 | L207: 0.011087074
A208: 1401/12/28 | B208: لبخند | C208: 11308 | D208: 45093544 | E208: 509921243786 | F208: 11290 | G208: 0.00035442141 | H208: 20258596654274 | I208: 0.0015943313 | J208: 0.02517061 | K208: 0.0018605475 | L208: 0.020992028
A209: 1402/01/30 | B209: لبخند | C209: 11540 | D209: 141978930 | E209: 1638506157907 | F209: 11521 | G209: 0.00060795553 | H209: 24239480085525 | I209: 0.0016491624 | J209: 0.067596588 | K209: 0.002084057 | L209: 0.032983248
A210: 1402/02/31 | B210: لبخند | C210: 11773 | D210: 77997782 | E210: 918287109876 | F210: 11769 | G210: 0.00068021427 | H210: 27020771267090 | I210: 0.00033987595 | J210: 0.033984489 | K210: 0.000679983 | L210: 0.023281502
A211: 1402/03/31 | B211: لبخند | C211: 12024 | D211: 66006689 | E211: 793696914812 | F211: 12019 | G211: 0.00049945892 | H211: 32201217777927 | I211: 0.00041600799 | J211: 0.02464804 | K211: 0.0012490632 | L211: 0.0098177885
A212: 1402/04/31 | B212: لبخند | C212: 12264 | D212: 65689017 | E212: 805628039772 | F212: 12273 | G212: 0.0015505141 | H212: 22817319004140 | I212: -0.00073331704 | J212: 0.035307743 | K212: 0.001388095 | L212: 0.0013851544
A213: 1402/05/31 | B213: لبخند | C213: 12519 | D213: 55432622 | E213: 693986802717 | F213: 12533 | G213: 0.0011982745 | H213: 24658174680630 | I213: -0.001117051 | J213: 0.028144289 | K213: 0.00071942446 | L213: 0.0014362084
... A244: 1404/12/27 | B244: لبخند | C244: 26207 | D244: 428849855 | E244: 11238972928333 | F244: 26182 | G244: 0.0089013911 | H244: 217477523781029 | I244: 0.00095485448 | J244: 0.051678779 | K244: 0.0074578096 | L244: 0
A245: 1405/01/31 | B245: لبخند | C245: 26826 | D245: 202968553 | E245: 5444900928520 | F245: 26746 | G245: 0.00037 | H245: 229170371927611 | J245: =(E245/H245) -> 0.023759184 | K245: 0.0011943 | L245: 0
A246: 1405/02/30 | B246: لبخند | C246: 27590 | D246: 357727854 | E246: 9869859716823 | F246: 27570 | G246: 0.00174406 | H246: 232292939230002 | J246: =(E246/H246) -> 0.042488849 | K246: 0.0013792 | L246: 0.0050391531
A247: 1405/03/13 | B247: لبخند | C247: 27958 | D247: 433190152 | E247: 12110936050895 | F247: 27923 | G247: 0.00118322 | H247: 257657195981031 | J247: =(E247/H247) -> 0.047004067 | K247: 0.0013969 | L247: 0.0075828028
A248: 1401/01/31 | B248: افران | C248: 16086 | D248: 66251544 | E248: 1065727471641 | F248: 16096 | G248: 0.00062165859 | H248: 31,243,601,405,296 | I248: -0.00062127237 | J248: 0.034110263 | K248: 0.00055980593 | L248: 0.010872266
A249: 1401/02/31 | B249: افران | C249: 16370 | D249: 50131626 | E249: 820659289971 | F249: 16380 | G249: 0.0036149746 | H249: 33,914,022,394,789 | I249: -0.00061050061 | J249: 0.024198229 | K249: 0.0017133766 | L249: 0.018131868
A250: 1401/03/31 | B250: افران | C250: 16675 | D250: 58317750 | E250: 972426709053 | F250: 16682 | G250: 0.00065982844 | H250: 32,741,337,464,653 | I250: -0.00041961396 | J250: 0.029700274 | K250: 0.00066010562 | L250: 0.010730128
A251: 1401/04/29 | B251: افران | C251: 16954 | D251: 147440454 | E251: 2499691105242 | F251: 16961 | G251: 0.00047189288 | H251: 45,511,150,237,084 | I251: -0.00041271151 | J251: 0.054924806 | K251: 0.00064923567 | L251: 0.002771063
A252: 1401/05/31 | B252: افران | C252: 17278 | D252: 65625884 | E252: 1133858714664 | F252: 17280 | G252: 0.00040525676 | H252: 52,427,518,250,921 | I252: -0.00011574074 | J252: 0.021627167 | K252: 0.00052116509 | L252: -0.0005787037
A253: 1401/06/30 | B253: افران | C253: 17577 | D253: 104808185 | E253: 1842265831483 | F253: 17585 | G253: 0.00062592466 | H253: 61,194,195,641,128 | I253: -0.00045493318 | J253: 0.030105238 | K253: 0.00062620972 | L253: -0.0052317316
A254: 1401/07/30 | B254: افران | C254: 17893 | D254: 281120635 | E254: 5030118321315 | F254: 17892 | G254: 0.0013992276 | H254: 69,887,240,433,976 | I254: 5.5890901e-05 | J254: 0.071974774 | K254: 0.0016233766 | L254: -0.0085513078
A255: 1401/08/30 | B255: افران | C255: 18218 | D255: 94101844 | E255: 1714388777024 | F255: 18223 | G255: -0.003009082 | H255: 68,102,175,905,540 | I255: -0.00027437853 | J255: 0.025173774 | K255: 0.00060416323 | L255: 0.014103057
A256: 1401/09/30 | B256: افران | C256: 18558 | D256: 136584281 | E256: 2534687871561 | F256: 18558 | G256: 0.0019977323 | H256: 75,561,409,199,448 | I256: 0 | J256: 0.033544741 | K256: 0.00086290584 | L256: 0.017027697
A257: 1401/10/28 | B257: افران | C257: 18901 | D257: 148242428 | E257: 2801875583038 | F257: 19077 | G257: 0.0097925048 | H257: 81,677,764,384,135 | I257: -0.0092257693 | J257: 0.034304019 | K257: 0.0010062493 | L257: 0.02877811
A258: 1401/11/30 | B258: افران | C258: 19288 | D258: 450537055 | E258: 8690018019066 | F258: 19297 | G258: 0.0018170491 | H258: 91,476,652,792,476 | I258: -0.00046639374 | J258: 0.094997114 | K258: 0.0017658668 | L258: 0.011348914
A259: 1401/12/28 | B259: افران | C259: 19685 | D259: 754465696 | E259: 14851539860700 | F259: 19702 | G259: 0.0027483713 | H259: 106,415,929,631,718 | I259: -0.00086285656 | J259: 0.13956125 | K259: 0.0019341375 | L259: 0.036239976
... A295: 1404/12/27 | B295: افران | C295: 45713 | D295: 224628380 | E295: 10268459407241 | F295: 45658 | G295: 0.0045764576 | H295: 337,351,718,923,844 | I295: 0.0012046082 | J295: 0.030438438 | K295: 0.0048138216 | L295: -0.0071226011
A296: 1405/01/31 | B296: افران | C296: 46869 | D296: 137097034 | E296: 6425645979213 | F296: 46791 | G296: 0.0012196688 | H296: 388712373077179 | J296: =E296/H296 -> 0.016530593 | K296: 0.001239025 | L296: -0.0072660441
A297: 1405/02/30 | B297: افران | C297: 48205 | D297: 224142589 | E297: 10804855182497 | F297: 48282 | G297: 0.0015350149 | H297: 375623635231383 | J297: =E297/H297 -> 0.02876511 | K297: 0.0014334386 | L297: -0.000911936
A298: 1405/03/13 | B298: افران | C298: 48861 | D298: 300738500 | E298: 14694498626224 | F298: 48705 | G298: 0.00022590052 | H298: 407890595953008 | J298: =E298/H298 -> 0.036025588 | K298: 0.0013731196 | L298: 0.0051135664

Sheet Sheet2
A1: تاریخ | B1: نماد
A2: 1401/01/31 | B2: فیروزا
A3: 1401/02/31 | B3: فیروزا
A4: 1401/03/31 | B4: فیروزا
A5: 1401/04/31 | B5: فیروزا
A6: 1401/05/31 | B6: فیروزا
A7: 1401/06/31 | B7: فیروزا
A8: 1401/07/30 | B8: فیروزا
A9: 1401/08/30 | B9: فیروزا
A10: 1401/09/30 | B10: فیروزا
A11: 1401/10/30 | B11: فیروزا
A12: 1401/11/30 | B12: فیروزا
... A145: 1404/12/29 | B145: کیان
B146: آوند
B147: آوند
B148: آوند
B149: آوند
B150: آوند
B151: آوند
B152: آوند
B153: آوند
B154: آوند
B155: آوند
B156: آوند
B157: آوند
... B247: پاسارگاد
